{
    "warnings": [],
    "input": "imu_clean.csv",
    "counts": {
        "data_lines": 1001,
        "header_lines": 1,
        "parsed_lines": 1000,
        "total_lines": 1001,
        "empty_lines": 0,
        "comment_lines": 0,
        "bad_lines": 0
    },
    "time_axis": {
        "dt_ms": {
            "count": 999,
            "min": 9.0,
            "max": 60.0,
            "mean": 10.197197197197196,
            "std": 2.8566541789913718
        },
        "sampling_hz_est": 98.06616275645432,
        "anomalies": {
            "non_increasing": 0,
            "duplicates": 0,
            "gaps": 3
        }
    },
    "statistics": {
        "ax": {
            "count": 1000,
            "min": -0.037563815079207405,
            "max": 0.036650882419007755,
            "mean": 0.0012334044743361854,
            "std": 0.014959599718410871
        },
        "ay": {
            "count": 1000,
            "min": -0.032195433396380924,
            "max": 0.03264328085123305,
            "mean": 0.0004645728477434721,
            "std": 0.014980883323997638
        },
        "az": {
            "count": 1000,
            "min": 0.9683740412949231,
            "max": 1.0331079152862614,
            "mean": 0.9992139349633633,
            "std": 0.010213877920088429
        },
        "gx": {
            "count": 1000,
            "min": -1.9824963909234872,
            "max": 2.0294491094621487,
            "mean": -0.013447070665075375,
            "std": 1.0639074958405461
        },
        "gy": {
            "count": 1000,
            "min": -1.5105733315929921,
            "max": 1.5285685692288313,
            "mean": 0.0474903603182505,
            "std": 0.7397667199800145
        },
        "gz": {
            "count": 1000,
            "min": -0.5017087219807462,
            "max": 0.5522297520146188,
            "mean": 0.0008724540713237645,
            "std": 0.1494617551941121
        }
    }
}